{
  "float": [
    {
      "name": "margin_2",
      "value": "2vp"
    },
    {
      "name": "margin_4",
      "value": "4vp"
    },
    {
      "name": "margin_6",
      "value": "6vp"
    },
    {
      "name": "margin_8",
      "value": "8vp"
    },
    {
      "name": "margin_10",
      "value": "10vp"
    },
    {
      "name": "margin_12",
      "value": "12vp"
    },
    {
      "name": "margin_14",
      "value": "14vp"
    },
    {
      "name": "margin_16",
      "value": "16vp"
    },
    {
      "name": "margin_18",
      "value": "18vp"
    },
    {
      "name": "margin_20",
      "value": "20vp"
    },
    {
      "name": "margin_24",
      "value": "24vp"
    },
    {
      "name": "slider_height",
      "value": "16vp"
    },
    {
      "name": "control_width",
      "value": "32vp"
    },
    {
      "name": "control_padding",
      "value": "36vp"
    },
    {
      "name": "song_card_radius",
      "value": "8vp"
    }
  ]
}